{
  "head" : {
    "vars" : [ "sub" ]
  },
  "results" : {
    "bindings" : [ {
      "sub" : {
        "type" : "uri",
        "value" : "https://graph.link/ecp/shapes/registryUI/hasSearchableWidget"
      }
    }, {
      "sub" : {
        "type" : "uri",
        "value" : "https://graph.link/ecp/shapes/registryUI/Widget_Toggle"
      }
    }, {
      "sub" : {
        "type" : "bnode",
        "value" : "b36405263"
      }
    }, {
      "sub" : {
        "type" : "bnode",
        "value" : "b36467471"
      }
    }, {
      "sub" : {
        "type" : "bnode",
        "value" : "b37238543"
      }
    }, {
      "sub" : {
        "type" : "bnode",
        "value" : "b37954319"
      }
    }, {
      "sub" : {
        "type" : "bnode",
        "value" : "b38203663"
      }
    }, {
      "sub" : {
        "type" : "uri",
        "value" : "ecp:9-218a848a-2146-4c05-9a3a-da8910a5710a"
      }
    }, {
      "sub" : {
        "type" : "uri",
        "value" : "https://graph.link/ecp/shapes/registryUI/Widget_dropDownList"
      }
    }, {
      "sub" : {
        "type" : "uri",
        "value" : "https://graph.link/ecp/shapes/registryUI/Widget_HTML"
      }
    }, {
      "sub" : {
        "type" : "bnode",
        "value" : "b90113295"
      }
    }, {
      "sub" : {
        "type" : "bnode",
        "value" : "b91356175"
      }
    }, {
      "sub" : {
        "type" : "uri",
        "value" : "https://graph.link/ecp/shapes/registryUI/EnumeratedValues"
      }
    }, {
      "sub" : {
        "type" : "bnode",
        "value" : "b91356943"
      }
    }, {
      "sub" : {
        "type" : "bnode",
        "value" : "b91565327"
      }
    }, {
      "sub" : {
        "type" : "bnode",
        "value" : "b107340815"
      }
    }, {
      "sub" : {
        "type" : "bnode",
        "value" : "b118358799"
      }
    }, {
      "sub" : {
        "type" : "uri",
        "value" : "https://graph.link/ecp/shapes/registryUI/Widget"
      }
    }, {
      "sub" : {
        "type" : "bnode",
        "value" : "b118365711"
      }
    }, {
      "sub" : {
        "type" : "bnode",
        "value" : "b124269071"
      }
    }, {
      "sub" : {
        "type" : "uri",
        "value" : "https://graph.link/ecp/shapes/registryUI/Searchable"
      }
    }, {
      "sub" : {
        "type" : "uri",
        "value" : "https://graph.link/ecp/shapes/registryUI/Widget_TextBox"
      }
    }, {
      "sub" : {
        "type" : "bnode",
        "value" : "b139776271"
      }
    }, {
      "sub" : {
        "type" : "bnode",
        "value" : "b142580495"
      }
    }, {
      "sub" : {
        "type" : "bnode",
        "value" : "b142585871"
      }
    }, {
      "sub" : {
        "type" : "uri",
        "value" : "https://graph.link/ecp/shapes/registryUI/Widget_dateTimePicker"
      }
    }, {
      "sub" : {
        "type" : "uri",
        "value" : "https://graph.link/ecp/1.0/shapes/registryUI"
      }
    }, {
      "sub" : {
        "type" : "bnode",
        "value" : "b152867343"
      }
    }, {
      "sub" : {
        "type" : "bnode",
        "value" : "b152994063"
      }
    }, {
      "sub" : {
        "type" : "bnode",
        "value" : "b153497615"
      }
    }, {
      "sub" : {
        "type" : "bnode",
        "value" : "b157808399"
      }
    }, {
      "sub" : {
        "type" : "bnode",
        "value" : "b158154767"
      }
    }, {
      "sub" : {
        "type" : "bnode",
        "value" : "b169697551"
      }
    }, {
      "sub" : {
        "type" : "uri",
        "value" : "https://graph.link/ecp/shapes/registryUI/hasViewableWidget"
      }
    }, {
      "sub" : {
        "type" : "bnode",
        "value" : "b169741071"
      }
    }, {
      "sub" : {
        "type" : "bnode",
        "value" : "b169780751"
      }
    }, {
      "sub" : {
        "type" : "bnode",
        "value" : "b170505743"
      }
    }, {
      "sub" : {
        "type" : "bnode",
        "value" : "b170646287"
      }
    }, {
      "sub" : {
        "type" : "bnode",
        "value" : "b176791823"
      }
    }, {
      "sub" : {
        "type" : "bnode",
        "value" : "b201461007"
      }
    }, {
      "sub" : {
        "type" : "bnode",
        "value" : "b201728271"
      }
    }, {
      "sub" : {
        "type" : "bnode",
        "value" : "b206054159"
      }
    }, {
      "sub" : {
        "type" : "uri",
        "value" : "https://graph.link/ecp/shapes/registryUI/Viewable"
      }
    }, {
      "sub" : {
        "type" : "bnode",
        "value" : "b239943951"
      }
    }, {
      "sub" : {
        "type" : "bnode",
        "value" : "b254187791"
      }
    }, {
      "sub" : {
        "type" : "bnode",
        "value" : "b254373135"
      }
    }, {
      "sub" : {
        "type" : "bnode",
        "value" : "b285665807"
      }
    }, {
      "sub" : {
        "type" : "bnode",
        "value" : "b306486287"
      }
    }, {
      "sub" : {
        "type" : "bnode",
        "value" : "b306487567"
      }
    }, {
      "sub" : {
        "type" : "bnode",
        "value" : "b306487823"
      }
    }, {
      "sub" : {
        "type" : "bnode",
        "value" : "b306489359"
      }
    }, {
      "sub" : {
        "type" : "bnode",
        "value" : "b306489615"
      }
    }, {
      "sub" : {
        "type" : "bnode",
        "value" : "b306489871"
      }
    }, {
      "sub" : {
        "type" : "bnode",
        "value" : "b306490127"
      }
    }, {
      "sub" : {
        "type" : "bnode",
        "value" : "b306490383"
      }
    }, {
      "sub" : {
        "type" : "bnode",
        "value" : "b306490639"
      }
    }, {
      "sub" : {
        "type" : "bnode",
        "value" : "b306490895"
      }
    }, {
      "sub" : {
        "type" : "bnode",
        "value" : "b318856207"
      }
    }, {
      "sub" : {
        "type" : "bnode",
        "value" : "b318872847"
      }
    }, {
      "sub" : {
        "type" : "bnode",
        "value" : "b321954575"
      }
    }, {
      "sub" : {
        "type" : "bnode",
        "value" : "b322188815"
      }
    }, {
      "sub" : {
        "type" : "uri",
        "value" : "https://graph.link/ecp/shapes/registryUI/PropertyShapeShape"
      }
    }, {
      "sub" : {
        "type" : "bnode",
        "value" : "b336482063"
      }
    }, {
      "sub" : {
        "type" : "bnode",
        "value" : "b336537359"
      }
    }, {
      "sub" : {
        "type" : "bnode",
        "value" : "b336538127"
      }
    }, {
      "sub" : {
        "type" : "bnode",
        "value" : "b336538383"
      }
    }, {
      "sub" : {
        "type" : "bnode",
        "value" : "b336538639"
      }
    }, {
      "sub" : {
        "type" : "bnode",
        "value" : "b336538895"
      }
    }, {
      "sub" : {
        "type" : "bnode",
        "value" : "b336539919"
      }
    }, {
      "sub" : {
        "type" : "bnode",
        "value" : "b370422799"
      }
    }, {
      "sub" : {
        "type" : "bnode",
        "value" : "b420891663"
      }
    }, {
      "sub" : {
        "type" : "bnode",
        "value" : "b420891919"
      }
    }, {
      "sub" : {
        "type" : "bnode",
        "value" : "b420892175"
      }
    }, {
      "sub" : {
        "type" : "bnode",
        "value" : "b420893199"
      }
    }, {
      "sub" : {
        "type" : "bnode",
        "value" : "b420893455"
      }
    }, {
      "sub" : {
        "type" : "bnode",
        "value" : "b420893711"
      }
    } ]
  }
}
