{
  "head": {
    "vars": ["sub"]
  },
  "results": {
    "bindings": [{
        "sub": {
          "type": "uri",
          "value": "https://graph.link/ecp/shapes/registryUI/hasSearchableWidget"
        }
      }, {
        "sub": {
          "type": "uri",
          "value": "https://graph.link/ecp/shapes/registryUI/Widget_Toggle"
        }
      }, {
        "sub": {
          "type": "bnode",
          "value": "b38203663"
        }
      }, {
        "sub": {
          "type": "uri",
          "value": "ecp:9-218a848a-2146-4c05-9a3a-da8910a5710a"
        }
      }, {
        "sub": {
          "type": "uri",
          "value": "https://graph.link/ecp/shapes/registryUI/Widget_dropDownList"
        }
      }, {
        "sub": {
          "type": "uri",
          "value": "https://graph.link/ecp/shapes/registryUI/Widget_HTML"
        }
      }, {
        "sub": {
          "type": "bnode",
          "value": "b90113295"
        }
      }, {
        "sub": {
          "type": "bnode",
          "value": "b91356175"
        }
      }, {
        "sub": {
          "type": "uri",
          "value": "https://graph.link/ecp/shapes/registryUI/EnumeratedValues"
        }
      }, {
        "sub": {
          "type": "bnode",
          "value": "b91356943"
        }
      }, {
        "sub": {
          "type": "bnode",
          "value": "b91565327"
        }
      }, {
        "sub": {
          "type": "uri",
          "value": "https://graph.link/ecp/shapes/registryUI/hasViewableWidget"
        }
      }, {
        "sub": {
          "type": "bnode",
          "value": "b169741071"
        }
      }
    ]
  }
}
