{
  "head": {
    "vars": [
      "graph",
      "subject",
      "predicate",
      "object"
    ]
  },
  "results": {
    "bindings": [
      {
        "subject": {
          "type": "uri",
          "value": "ecp:9-997faaf5-cd7b-453e-a6ba-3945aedf7799"
        },
        "predicate": {
          "type": "uri",
          "value": "http://www.w3.org/2000/01/rdf-schema#label"
        },
        "object": {
          "type": "literal",
          "value": "f2-Mod"
        },
        "graph": {
          "type": "uri",
          "value": "ecp:9-eee2344d-b15d-4cee-afd2-5206c884f2f2"
        }
      },
      {
        "subject": {
          "type": "uri",
          "value": "ecp:9-887faaf5-cd7b-453e-a6ba-3945aedf7788"
        },
        "predicate": {
          "type": "uri",
          "value": "http://www.w3.org/1999/02/22-rdf-syntax-ns#type"
        },
        "object": {
          "type": "uri",
          "value": "https://graph.link/ecp/schema/CDF/SimpleDataElement"
        },
        "graph": {
          "type": "uri",
          "value": "ecp:9-eee2344d-b15d-4cee-afd2-5206c884f0f0"
        }
      },
      {
        "subject": {
          "type": "uri",
          "value": "ecp:9-887faaf5-cd7b-453e-a6ba-3945aedf7788"
        },
        "predicate": {
          "type": "uri",
          "value": "https://graph.link/ecp/schema/registry/belongsToGroup"
        },
        "object": {
          "type": "literal",
          "value": "DS_CDF"
        },
        "graph": {
          "type": "uri",
          "value": "ecp:9-eee2344d-b15d-4cee-afd2-5206c884f0f0"
        }
      },
      {
        "subject": {
          "type": "uri",
          "value": "ecp:9-887faaf5-cd7b-453e-a6ba-3945aedf7788"
        },
        "predicate": {
          "type": "uri",
          "value": "http://purl.org/dc/elements/1.1/description"
        },
        "object": {
          "type": "literal",
          "value": "field name f1"
        },
        "graph": {
          "type": "uri",
          "value": "ecp:9-eee2344d-b15d-4cee-afd2-5206c884f0f0"
        }
      },
      {
        "subject": {
          "type": "uri",
          "value": "ecp:9-887faaf5-cd7b-453e-a6ba-3945aedf7788"
        },
        "predicate": {
          "type": "uri",
          "value": "http://www.w3.org/2000/01/rdf-schema#label"
        },
        "object": {
          "type": "literal",
          "value": "f1-Mod"
        },
        "graph": {
          "type": "uri",
          "value": "ecp:9-eee2344d-b15d-4cee-afd2-5206c884f0f0"
        }
      },
      {
        "subject": {
          "type": "uri",
          "value": "ecp:9-798c169a-ac1b-44b6-b827-78a74decb6c7"
        },
        "predicate": {
          "type": "uri",
          "value": "http://www.w3.org/1999/02/22-rdf-syntax-ns#type"
        },
        "object": {
          "type": "uri",
          "value": "https://graph.link/ecp/schema/CDF/ContentItem"
        },
        "graph": {
          "type": "uri",
          "value": "ecp:9-488a9220-be87-4792-aaa3-a8c38fd75555"
        }
      },
      {
        "subject": {
          "type": "uri",
          "value": "ecp:9-798c169a-ac1b-44b6-b827-78a74decb6c7"
        },
        "predicate": {
          "type": "uri",
          "value": "https://graph.link/ecp/schema/CDF/hasObjectID"
        },
        "object": {
          "type": "uri",
          "value": "ecp:5-7b342c65-726d-4f1e-a05c-49f17dc83a78"
        },
        "graph": {
          "type": "uri",
          "value": "ecp:9-488a9220-be87-4792-aaa3-a8c38fd75555"
        }
      },
      {
        "subject": {
          "type": "uri",
          "value": "ecp:9-798c169a-ac1b-44b6-b827-78a74decb6c7"
        },
        "predicate": {
          "type": "uri",
          "value": "https://graph.link/ecp/schema/CDF/hasContainer"
        },
        "object": {
          "type": "uri",
          "value": "ecp:9-c0c935be-ef3a-46e4-8645-d4df8e78e60d"
        },
        "graph": {
          "type": "uri",
          "value": "ecp:9-488a9220-be87-4792-aaa3-a8c38fd75555"
        }
      },
      {
        "subject": {
          "type": "uri",
          "value": "ecp:9-997faaf5-cd7b-453e-a6ba-3945aedf7799"
        },
        "predicate": {
          "type": "uri",
          "value": "https://graph.link/ecp/schema/CDF/hasSimpleDatatype"
        },
        "object": {
          "type": "literal",
          "value": "Long"
        },
        "graph": {
          "type": "uri",
          "value": "ecp:9-eee2344d-b15d-4cee-afd2-5206c884f2f2"
        }
      },
      {
        "subject": {
          "type": "uri",
          "value": "ecp:9-798c169a-ac1b-44b6-b827-78a74decb6c7"
        },
        "predicate": {
          "type": "uri",
          "value": "http://www.w3.org/2000/01/rdf-schema#label"
        },
        "object": {
          "type": "literal",
          "value": "GovCorpCdfInstrumentDebtStatusL1CI"
        },
        "graph": {
          "type": "uri",
          "value": "ecp:9-488a9220-be87-4792-aaa3-a8c38fd75555"
        }
      },
      {
        "subject": {
          "type": "uri",
          "value": "ecp:9-798c169a-ac1b-44b6-b827-78a74decb6c7"
        },
        "predicate": {
          "type": "uri",
          "value": "http://purl.org/dc/elements/1.1/description"
        },
        "object": {
          "type": "literal",
          "value": "IsObjectId"
        },
        "graph": {
          "type": "uri",
          "value": "ecp:9-488a9220-be87-4792-aaa3-a8c38fd75555"
        }
      },
      {
        "subject": {
          "type": "uri",
          "value": "ecp:9-798c169a-ac1b-44b6-b827-78a74decb6c7"
        },
        "predicate": {
          "type": "uri",
          "value": "https://graph.link/ecp/schema/CDF/hasDataElement"
        },
        "object": {
          "type": "uri",
          "value": "ecp:9-997faaf5-cd7b-453e-a6ba-3945aedf7799"
        },
        "graph": {
          "type": "uri",
          "value": "ecp:9-488a9220-be87-4792-aaa3-a8c38fd75555"
        }
      },
      {
        "subject": {
          "type": "uri",
          "value": "ecp:9-798c169a-ac1b-44b6-b827-78a74decb6c7"
        },
        "predicate": {
          "type": "uri",
          "value": "https://graph.link/ecp/schema/CDF/hasDataElement"
        },
        "object": {
          "type": "uri",
          "value": "ecp:9-887faaf5-cd7b-453e-a6ba-3945aedf7788"
        },
        "graph": {
          "type": "uri",
          "value": "ecp:9-488a9220-be87-4792-aaa3-a8c38fd75555"
        }
      },
      {
        "subject": {
          "type": "uri",
          "value": "ecp:9-887faaf5-cd7b-453e-a6ba-3945aedf7788"
        },
        "predicate": {
          "type": "uri",
          "value": "https://graph.link/ecp/schema/CDF/hasSimpleDatatype"
        },
        "object": {
          "type": "literal",
          "value": "Long"
        },
        "graph": {
          "type": "uri",
          "value": "ecp:9-eee2344d-b15d-4cee-afd2-5206c884f0f0"
        }
      },
      {
        "subject": {
          "type": "uri",
          "value": "ecp:9-997faaf5-cd7b-453e-a6ba-3945aedf7799"
        },
        "predicate": {
          "type": "uri",
          "value": "http://www.w3.org/1999/02/22-rdf-syntax-ns#type"
        },
        "object": {
          "type": "uri",
          "value": "https://graph.link/ecp/schema/CDF/SimpleDataElement"
        },
        "graph": {
          "type": "uri",
          "value": "ecp:9-eee2344d-b15d-4cee-afd2-5206c884f2f2"
        }
      },
      {
        "subject": {
          "type": "uri",
          "value": "ecp:9-997faaf5-cd7b-453e-a6ba-3945aedf7799"
        },
        "predicate": {
          "type": "uri",
          "value": "https://graph.link/ecp/schema/registry/belongsToGroup"
        },
        "object": {
          "type": "literal",
          "value": "DS_CDF"
        },
        "graph": {
          "type": "uri",
          "value": "ecp:9-eee2344d-b15d-4cee-afd2-5206c884f2f2"
        }
      },
      {
        "subject": {
          "type": "uri",
          "value": "ecp:9-798c169a-ac1b-44b6-b827-78a74decb6c7"
        },
        "predicate": {
          "type": "uri",
          "value": "https://graph.link/ecp/schema/CDF/hasSemanticDescription"
        },
        "object": {
          "type": "uri",
          "value": "ecp:4-c81b85a0-6277-46a8-955e-912b83b9d22f"
        },
        "graph": {
          "type": "uri",
          "value": "ecp:9-488a9220-be87-4792-aaa3-a8c38fd75555"
        }
      },
      {
        "subject": {
          "type": "uri",
          "value": "ecp:9-997faaf5-cd7b-453e-a6ba-3945aedf7799"
        },
        "predicate": {
          "type": "uri",
          "value": "http://purl.org/dc/elements/1.1/description"
        },
        "object": {
          "type": "literal",
          "value": "field name f2"
        },
        "graph": {
          "type": "uri",
          "value": "ecp:9-eee2344d-b15d-4cee-afd2-5206c884f2f2"
        }
      },
      {
        "subject": {
          "type": "uri",
          "value": "ecp:9-488a9220-be87-4792-aaa3-a8c38fd75555"
        },
        "predicate": {
          "type": "uri",
          "value": "http://www.w3.org/1999/02/22-rdf-syntax-ns#type"
        },
        "object": {
          "type": "uri",
          "value": "https://graph.link/ecp/schema/registry/NamedGraph"
        }
      },
      {
        "subject": {
          "type": "uri",
          "value": "ecp:9-eee2344d-b15d-4cee-afd2-5206c884f0f0"
        },
        "predicate": {
          "type": "uri",
          "value": "https://graph.link/ecp/schema/common/effectiveTo"
        },
        "object": {
          "type": "literal",
          "value": "2020-09-16T05:47:05.985Z"
        }
      },
      {
        "subject": {
          "type": "uri",
          "value": "ecp:9-eee2344d-b15d-4cee-afd2-5206c884f2f2"
        },
        "predicate": {
          "type": "uri",
          "value": "http://www.w3.org/1999/02/22-rdf-syntax-ns#type"
        },
        "object": {
          "type": "uri",
          "value": "https://graph.link/ecp/schema/registry/NamedGraph"
        }
      },
      {
        "subject": {
          "type": "uri",
          "value": "ecp:9-eee2344d-b15d-4cee-afd2-5206c884f0f0"
        },
        "predicate": {
          "type": "uri",
          "value": "https://graph.link/ecp/schema/registry/currentFrom"
        },
        "object": {
          "datatype": "http://www.w3.org/2001/XMLSchema#dateTime",
          "type": "literal",
          "value": "2019-08-07T02:32:03.616Z"
        }
      },
      {
        "subject": {
          "type": "uri",
          "value": "ecp:9-488a9220-be87-4792-aaa3-a8c38fd75555"
        },
        "predicate": {
          "type": "uri",
          "value": "https://graph.link/ecp/schema/registry/imports"
        },
        "object": {
          "type": "uri",
          "value": "ecp:9-43ac2197-f341-407c-898c-c92ec2256bdf"
        }
      },
      {
        "subject": {
          "type": "uri",
          "value": "ecp:9-eee2344d-b15d-4cee-afd2-5206c884f2f2"
        },
        "predicate": {
          "type": "uri",
          "value": "https://graph.link/ecp/schema/registry/imports"
        },
        "object": {
          "type": "uri",
          "value": "ecp:9-43ac2197-f341-407c-898c-c92ec2256bdf"
        }
      },
      {
        "subject": {
          "type": "uri",
          "value": "ecp:9-eee2344d-b15d-4cee-afd2-5206c884f0f0"
        },
        "predicate": {
          "type": "uri",
          "value": "https://graph.link/ecp/schema/common/effectiveFrom"
        },
        "object": {
          "type": "literal",
          "value": "2019-07-17T05:47:05.985Z"
        }
      },
      {
        "subject": {
          "type": "uri",
          "value": "ecp:9-eee2344d-b15d-4cee-afd2-5206c884f2f2"
        },
        "predicate": {
          "type": "uri",
          "value": "https://graph.link/ecp/schema/common/effectiveTo"
        },
        "object": {
          "type": "literal",
          "value": "2026-09-16T06:47:05.985Z"
        }
      },
      {
        "subject": {
          "type": "uri",
          "value": "ecp:9-488a9220-be87-4792-aaa3-a8c38fd75555"
        },
        "predicate": {
          "type": "uri",
          "value": "https://graph.link/ecp/schema/registry/effectiveFrom"
        },
        "object": {
          "datatype": "http://www.w3.org/2001/XMLSchema#dateTime",
          "type": "literal",
          "value": "2019-06-12T00:00:00.000Z"
        }
      },
      {
        "subject": {
          "type": "uri",
          "value": "ecp:9-eee2344d-b15d-4cee-afd2-5206c884f0f0"
        },
        "predicate": {
          "type": "uri",
          "value": "http://www.w3.org/1999/02/22-rdf-syntax-ns#type"
        },
        "object": {
          "type": "uri",
          "value": "https://graph.link/ecp/schema/registry/NamedGraph"
        }
      },
      {
        "subject": {
          "type": "uri",
          "value": "ecp:9-488a9220-be87-4792-aaa3-a8c38fd75555"
        },
        "predicate": {
          "type": "uri",
          "value": "https://graph.link/ecp/schema/registry/currentFrom"
        },
        "object": {
          "datatype": "http://www.w3.org/2001/XMLSchema#dateTime",
          "type": "literal",
          "value": "2019-06-12T13:02:45.438Z"
        }
      },
      {
        "subject": {
          "type": "uri",
          "value": "ecp:9-eee2344d-b15d-4cee-afd2-5206c884f2f2"
        },
        "predicate": {
          "type": "uri",
          "value": "https://graph.link/ecp/schema/registry/currentFrom"
        },
        "object": {
          "datatype": "http://www.w3.org/2001/XMLSchema#dateTime",
          "type": "literal",
          "value": "2019-08-07T02:32:03.616Z"
        }
      },
      {
        "subject": {
          "type": "uri",
          "value": "ecp:9-488a9220-be87-4792-aaa3-a8c38fd75555"
        },
        "predicate": {
          "type": "uri",
          "value": "https://graph.link/ecp/schema/registry/version"
        },
        "object": {
          "type": "literal",
          "value": "1.0.0"
        }
      },
      {
        "subject": {
          "type": "uri",
          "value": "ecp:9-eee2344d-b15d-4cee-afd2-5206c884f0f0"
        },
        "predicate": {
          "type": "uri",
          "value": "https://graph.link/ecp/schema/registry/imports"
        },
        "object": {
          "type": "uri",
          "value": "ecp:9-43ac2197-f341-407c-898c-c92ec2256bdf"
        }
      },
      {
        "subject": {
          "type": "uri",
          "value": "ecp:9-eee2344d-b15d-4cee-afd2-5206c884f2f2"
        },
        "predicate": {
          "type": "uri",
          "value": "https://graph.link/ecp/schema/common/effectiveFrom"
        },
        "object": {
          "type": "literal",
          "value": "2019-07-17T05:47:05.985Z"
        }
      }
    ]
  }
}